title,company,location,link
Big Data Engineer,"
Maestro Technologies Inc","Wilmington, DE",https://www.indeed.com/viewjob?jk=192f17ccd82f75bb
Sales Engineers,"
Loadstar Sensors","Fremont, CA",https://www.indeed.com/viewjob?jk=cf3e689ac202e9c2
Junior Software Developer,"
Bizowie","Pittsburgh, PA",https://www.indeed.com/viewjob?jk=1596b80d692ac666
Junior Business Intelligence Developer,"
CARTI, Inc.","Little Rock, AR",https://www.indeed.com/viewjob?jk=8ea3767e064b9fc9
Flight Software Engineer,"
LOCKHEED MARTIN CORPORATION","Highlands Ranch, CO",https://www.indeed.com/viewjob?jk=5ef93726dd90cc86
"Windows Application Developer I (C/C++, Python)","
Ring0 Technologies","Herndon, VA",https://www.indeed.com/viewjob?jk=739b35d1d3e04380
Senior Java Developer (Colorado Springs),"
Excella","Colorado Springs, CO",https://www.indeed.com/viewjob?jk=c068eaf7ee34c8fd
Web Developer,"
StataCorp","College Station, TX",https://www.indeed.com/viewjob?jk=1b3574d10a47ce45
Software Engineer - Python,"
TapRecruit","Philadelphia, PA",https://www.indeed.com/viewjob?jk=0f74a0f792cef59d
"Staff Engineer - DevOps (open for remote) Jackson, MS","
AirWatch Engineering","Jackson, MS",https://www.indeed.com/viewjob?jk=1c7be04eb370df1c
Business Systems Analyst,"
Cerebra consulting inc.","Summit, NJ",https://www.indeed.com/viewjob?jk=7af4d506f33e5cd5
"Software Engineer, Full Stack","
Tolfrey Group Inc","San Francisco, CA",https://www.indeed.com/viewjob?jk=8e00692e5f2a8e8f
Business Intelligence Analyst,"
Piper Companies","Saratoga Springs, UT",https://www.indeed.com/viewjob?jk=1f81f963125edff4
GIS Designer,"
Tachus LLC","The Woodlands, TX",https://www.indeed.com/viewjob?jk=1d47e291a8a3b5fb
Software Developer - Go / Python,"
HEROIC Cybersecurity","Lehi, UT",https://www.indeed.com/viewjob?jk=ad9d0ace11731f4e
Software Engineer Associate,"
Digital Foundry, Inc.","Tiburon, CA",https://www.indeed.com/viewjob?jk=edcb3b8ce234e6a6
VFX Editor,"
Framestore","Los Angeles, CA",https://www.indeed.com/viewjob?jk=2d253d4fdcdf23f5
Javascript Developer,"
Gridiron IT","Arlington, VA",https://www.indeed.com/viewjob?jk=61859be9541749bf
Python Developer,"
Fuse Engineering LLC",Maryland,https://www.indeed.com/viewjob?jk=541d6d1cc9857c33
Data Engineer+,"
Tropical Smoothie Cafe","Atlanta, GA",https://www.indeed.com/viewjob?jk=110bf36a5a87fbdd
Statistical Programming Scientist ( (Home-Based or Office-Based),"
IQVIA","Charleston, WV",https://www.indeed.com/viewjob?jk=445dffabd587b392
Cyber Threat Analyst - Junior,"
ECS Federal LLC","Fairfax, VA",https://www.indeed.com/viewjob?jk=7732acb4da8e1c31
Controls Engineer,"
HDT Expeditionary Systems, Inc.","Fredericksburg, VA",https://www.indeed.com/viewjob?jk=ad37e682c0554e2f
Python Developer,"
Zettalogix","Iselin, NJ",https://www.indeed.com/viewjob?jk=04f3b96307df68a9
Business Intelligence Analyst,"
CBS","Burbank, CA",https://www.indeed.com/viewjob?jk=653246d235afe7d2
Java Teacher (part-time),"
CodeTime","Manhattan, NY",https://www.indeed.com/viewjob?jk=a62d704ab4c7cc76
Backend Web Developer,"
Aptus Engineering, Inc.","Scottsdale, AZ",https://www.indeed.com/viewjob?jk=3dc1bdb1c5371b15
Vrealize Devops,"
Acestack LLC","Houston, TX",https://www.indeed.com/viewjob?jk=f315b30f9a772bf6
Quantitative Sports Researcher,"
Susquehanna International Group","Philadelphia, PA",https://www.indeed.com/viewjob?jk=ac8905ce79238d20
C# NET developer,"
RiVi Consulting Group","Stamford, CT",https://www.indeed.com/viewjob?jk=f4b9b6ffa2ce0cc2
Technology Game Design Instructor,"
Engineering For Kids",United States,https://www.indeed.com/viewjob?jk=0f51b2aa3d7bf866
Application Developer,"
Integral Care","Austin, TX",https://www.indeed.com/viewjob?jk=4d71ec353c85fb19
Research Assistant,"
Virginia Tech","Roanoke, VA",https://www.indeed.com/viewjob?jk=f612b33ffb3e39c4
Software Engineer,"
Soar Technology","Orlando, FL",https://www.indeed.com/viewjob?jk=a1a09150af377c6c
Jr Engineer,"
CommonStock","San Francisco, CA",https://www.indeed.com/viewjob?jk=fd0700a1785cfb16
Statistician,"
Tigermed-BDM Inc.","Somerset, NJ",https://www.indeed.com/viewjob?jk=de23122ee929c362
Sr. Remote Data Analyst / Software Developer,"
Gemini Health","St. Louis, MO",https://www.indeed.com/viewjob?jk=bb3a31dd0217aded
Full-Stack Software Engineer (Remote) REMOTEENGINEERING,"
Apollo.io",Remote,https://www.indeed.com/viewjob?jk=ba8bacd78b34fb02
Java Software Developer,"
Incept Data Solutions, Inc","Reston, VA",https://www.indeed.com/viewjob?jk=cc1cd1797c290681
Python Developer,"
PennyMac","Plano, TX",https://www.indeed.com/viewjob?jk=5311faed298976e9
QA Engineer,"
Rent Dynamics","Logan, UT",https://www.indeed.com/viewjob?jk=d61653966022fbe4
Kafka Administrator,"
Panther IT","Orange, CA",https://www.indeed.com/viewjob?jk=a9500af992c9c502
QA & Automation Engineer,"
Arxan Technologies",Remote,https://www.indeed.com/viewjob?jk=f9442708b4821963
"Big Data Engineer-Owing Mills, MD","
Savantis Solutions LLC","Owings Mills, MD",https://www.indeed.com/viewjob?jk=c58ebe05accd0806
Cisco Telecom UCCE SME,"
World Wide Technology, Inc.","Springfield, VA",https://www.indeed.com/viewjob?jk=b22f5b02b46ebb71
Network Architect,"
Small Arc Inc","Sacramento, CA",https://www.indeed.com/viewjob?jk=75c5924dbd017524
Controls/Automation Engineer,"
TriDelta Systems, LLC","Abbeville, AL",https://www.indeed.com/viewjob?jk=0907dbd466a4e0b5
Backend Engineer (local or remote),"
onXmaps","Missoula, MT",https://www.indeed.com/viewjob?jk=11e9eb49f0f4b121
Data Analyst - RA,"
PopHealthCare","Nashville, TN",https://www.indeed.com/viewjob?jk=3ce3c712788e90a7
Interview for Software development with Systems Engineering,"
Koreminds LLC","Lewisville, TX",https://www.indeed.com/viewjob?jk=0bd0d4e6f2c7e449
Infrastructure Engineer,"
ATN International","Castle Rock, CO",https://www.indeed.com/viewjob?jk=0dedfc28b1b03c4f
Senior Software Engineer,"
ARiA","Madison, VA",https://www.indeed.com/viewjob?jk=823347c74331b2ed
Net Programmer,"
Pedraza Customhouse Brokers, Inc.","El Paso, TX",https://www.indeed.com/viewjob?jk=c6aab599ec5ac5dd
DevOps Engineering Manager,"
SelectQuote","Overland Park, KS",https://www.indeed.com/viewjob?jk=ac699df26fd52c15
Front End Lead Developer,"
Insurity",Remote,https://www.indeed.com/viewjob?jk=220d2bb9c216ff2e
Ruby on Rails Developer,"
Lighting New York","Selinsgrove, PA",https://www.indeed.com/viewjob?jk=399a9725bbcc165e
ETL Developer,"
Colorado Access","Aurora, CO",https://www.indeed.com/viewjob?jk=a35a32c1e3fcdd4b
Entry Level - Software Developer,"
Smoothstack",United States,https://www.indeed.com/viewjob?jk=29b56b2ad42143b4
Senior Python Engineer,SteepRock Inc,"Austin, TX",https://stackoverflow.com/jobs/job_id
Python Software Developer,"Old Mission Capital, LLC","Chicago, IL",https://stackoverflow.com/jobs/job_id
Python Back End Engineer,Loadsmart,"Florianópolis, Brazil",https://stackoverflow.com/jobs/job_id
Python Backend Engineer,Geomagical Labs,"Mountain View, CA",https://stackoverflow.com/jobs/job_id
senior python developer,HaysviaHays plc,"London, UK",https://stackoverflow.com/jobs/job_id
Backend Software Engineer (Python),Finsera,No office location,https://stackoverflow.com/jobs/job_id
Senior Full Stack Developer (Python & Javascript),Perch Security,"Tampa, FL",https://stackoverflow.com/jobs/job_id
Python Full Stack Developer,REPAY,"Tempe, AZ",https://stackoverflow.com/jobs/job_id
Senior Software Engineer (.py),Lime,"Lund, Sweden",https://stackoverflow.com/jobs/job_id
python developer,pentoz technology,"Bengaluru, India",https://stackoverflow.com/jobs/job_id
Senior Python Engineer,Bulb Energy,"London, UK",https://stackoverflow.com/jobs/job_id
Software Engineer (Python),Bright Network,"Edinburgh, UK",https://stackoverflow.com/jobs/job_id
Full Stack Developer - Python & Django,LiveHealth,"Pune, India",https://stackoverflow.com/jobs/job_id
Python Developer,Edgefinity,"Bengaluru, India",https://stackoverflow.com/jobs/job_id
Python Architect,Hashedin,"Bengaluru, India",https://stackoverflow.com/jobs/job_id
Python Developer/Senior Python Developer,Crebritech,"Noida, India",https://stackoverflow.com/jobs/job_id
Softwareentwickler Python,Paessler AG,"Nürnberg, Deutschland",https://stackoverflow.com/jobs/job_id
Senior Python Engineer (m/f/d),Bonial International GmbH,"Berlin, Germany",https://stackoverflow.com/jobs/job_id
Python Developer,6sense,"Bengaluru, India",https://stackoverflow.com/jobs/job_id
Python Developer,InfoMagnus,"Hyderabad, India",https://stackoverflow.com/jobs/job_id
Software Developer (Python),Picnic,"Amsterdam, Netherlands",https://stackoverflow.com/jobs/job_id
Senior Full-stack web developer - Python,CBOE Global MarketsviaHays plc,"London, UK",https://stackoverflow.com/jobs/job_id
Software Engineer - mid-senior; python & javascript,Envelop Risk,"Bristol, UK",https://stackoverflow.com/jobs/job_id
Mid-Level Backend Software Engineer (Python / Django),Tivix,"Wrocław, Poland",https://stackoverflow.com/jobs/job_id
Junior Python Backend Developer,Finpoint,"Bengaluru, India",https://stackoverflow.com/jobs/job_id
Software Developer (Python),Picnic,"Amsterdam, Netherlands",https://stackoverflow.com/jobs/job_id
Python Software Developer,"Old Mission Capital, LLC","Chicago, IL",https://stackoverflow.com/jobs/job_id
Python Back End Engineer,Loadsmart,"Florianópolis, Brazil",https://stackoverflow.com/jobs/job_id
Python Backend Engineer,Geomagical Labs,"Mountain View, CA",https://stackoverflow.com/jobs/job_id
senior python developer,HaysviaHays plc,"London, UK",https://stackoverflow.com/jobs/job_id
Backend Software Engineer (Python),Finsera,No office location,https://stackoverflow.com/jobs/job_id
Senior Full Stack Developer (Python & Javascript),Perch Security,"Tampa, FL",https://stackoverflow.com/jobs/job_id
Python Full Stack Developer,REPAY,"Tempe, AZ",https://stackoverflow.com/jobs/job_id
Senior Software Engineer (.py),Lime,"Lund, Sweden",https://stackoverflow.com/jobs/job_id
python developer,pentoz technology,"Bengaluru, India",https://stackoverflow.com/jobs/job_id
Senior Python Engineer,Bulb Energy,"London, UK",https://stackoverflow.com/jobs/job_id
Python Developer,Edgefinity,"Bengaluru, India",https://stackoverflow.com/jobs/job_id
Python Architect,Hashedin,"Bengaluru, India",https://stackoverflow.com/jobs/job_id
Python Developer/Senior Python Developer,Crebritech,"Noida, India",https://stackoverflow.com/jobs/job_id
Softwareentwickler Python,Paessler AG,"Nürnberg, Deutschland",https://stackoverflow.com/jobs/job_id
Software Engineer (Python),Bright Network,"Edinburgh, UK",https://stackoverflow.com/jobs/job_id
Python Developer,6sense,"Bengaluru, India",https://stackoverflow.com/jobs/job_id
Python Developer,InfoMagnus,"Hyderabad, India",https://stackoverflow.com/jobs/job_id
Full Stack Developer - Python & Django,LiveHealth,"Pune, India",https://stackoverflow.com/jobs/job_id
Senior Full-stack web developer - Python,CBOE Global MarketsviaHays plc,"London, UK",https://stackoverflow.com/jobs/job_id
Software Engineer - mid-senior; python & javascript,Envelop Risk,"Bristol, UK",https://stackoverflow.com/jobs/job_id
Senior Python Engineer,SteepRock Inc,"Austin, TX",https://stackoverflow.com/jobs/job_id
Senior Python Software Engineer,YouGov,"Warsaw, Poland",https://stackoverflow.com/jobs/job_id
Python Developer,Inspire Global Solutions,"Mysuru, India",https://stackoverflow.com/jobs/job_id
Mid-Level Backend Software Engineer (Python / Django),Tivix,"Wrocław, Poland",https://stackoverflow.com/jobs/job_id
Site Reliability Engineer Who is Good at Python,Conducto,No office location,https://stackoverflow.com/jobs/job_id
Python Developer,Inspire Global Solutions,"Mysuru, India",https://stackoverflow.com/jobs/job_id
Backend Software Engineer (Python / Django),Tivix,"London, UK",https://stackoverflow.com/jobs/job_id
Python Developer,Grid Logic Software Private Limited,"Hyderabad, India",https://stackoverflow.com/jobs/job_id
Python Architect,Hashedin,"Bengaluru, India",https://stackoverflow.com/jobs/job_id
Python Web Developer,technosoft corporation,"Chennai, India",https://stackoverflow.com/jobs/job_id
Senior Python Developer,Lab Technologies SA,"Chiasso, Switzerland",https://stackoverflow.com/jobs/job_id
Junior Python Backend Developer,Finpoint,"Bengaluru, India",https://stackoverflow.com/jobs/job_id
Backend Engineer - Python (m/f/d),FINEWAY,"Munich, Germany",https://stackoverflow.com/jobs/job_id
Backend Developer – Python/Django,5 Monkeys Agency AB,"Stockholm, Sweden",https://stackoverflow.com/jobs/job_id
Python programmer,HJ Software,"Hyderabad, India",https://stackoverflow.com/jobs/job_id
Sr Python/Django Developer,Vedya Info Solutions,"Bengaluru, India",https://stackoverflow.com/jobs/job_id
Python Django Developer,XL Dynamics,"Navi Mumbai, India",https://stackoverflow.com/jobs/job_id
Python Developer,6sense,"Bengaluru, India",https://stackoverflow.com/jobs/job_id
Fullstack Developer (Python),Concerto HealthAI,"Bengaluru, India",https://stackoverflow.com/jobs/job_id
Backend Developer (Python + Django),Hansel Pvt. Ltd.,"Bengaluru, India",https://stackoverflow.com/jobs/job_id
Senior Backend / Python Developer (m/f/d),byrd technologies GmbH,"Berlin, Deutschland",https://stackoverflow.com/jobs/job_id
Python and Django Developer,Vivenns,"Hyderabad, India",https://stackoverflow.com/jobs/job_id
Python Developer,YouGov,No office location,https://stackoverflow.com/jobs/job_id
Senior Software Engineer (Python/Django),Back Market,"Paris, France",https://stackoverflow.com/jobs/job_id
Software Engineer - mid-senior; python & javascript,Envelop Risk,"Bristol, UK",https://stackoverflow.com/jobs/job_id
Junior Python Web developer,Antcolony Technologies Pvt Ltd,"Kochi, India",https://stackoverflow.com/jobs/job_id
Full-Stack Python Engineer,Gorgias,No office location,https://stackoverflow.com/jobs/job_id
Python Developer - Full Stack,Targetorate,"Hyderabad, India",https://stackoverflow.com/jobs/job_id
Pythonエンジニア / Webマーケティング・ネット広告,株式会社 クレスティア,"Shibuya City, Japan",https://stackoverflow.com/jobs/job_id
Senior Software Engineer (Python/Django),Back Market,"Paris, France",https://stackoverflow.com/jobs/job_id
Python Developer,Acumen Technical Advisory Private Limited,"Bengaluru, India",https://stackoverflow.com/jobs/job_id
Backend Developer (Python + Django),Hansel Pvt. Ltd.,"Bengaluru, India",https://stackoverflow.com/jobs/job_id
Software Consultant (Python & PostgreSQL),Energytech Global,"Hyderabad, India",https://stackoverflow.com/jobs/job_id
Senior Python/Django Developer,TeleClinic GmbH,"München, Germany",https://stackoverflow.com/jobs/job_id
Pythonエンジニア / システムインテグレータ・ソフトハウス,株式会社 ゼロフィールド,"Minato City, Japan",https://stackoverflow.com/jobs/job_id
Senior Backend / Python Developer (m/f/d),byrd technologies GmbH,"Berlin, Deutschland",https://stackoverflow.com/jobs/job_id
Python and Django Developer,Vivenns,"Hyderabad, India",https://stackoverflow.com/jobs/job_id
(Senior) Python Developer Backend – Billing / Product,Lumenaza GmbH,"Berlin, Deutschland",https://stackoverflow.com/jobs/job_id
Python Developer (Backend),Energyworx,"Houten, Netherlands",https://stackoverflow.com/jobs/job_id
Junior Python Web developer,Antcolony Technologies Pvt Ltd,"Kochi, India",https://stackoverflow.com/jobs/job_id
Senior Python Software Engineer - Join our growing team of 30+ developers,Tails.com,"Richmond, UK",https://stackoverflow.com/jobs/job_id
Full Stack Developer – Python,Crediwatch,"Bengaluru, India",https://stackoverflow.com/jobs/job_id
Python Developer,Security Brigade,"Mumbai, India",https://stackoverflow.com/jobs/job_id
Server Application Developer (Python),UrbanPiper,"Bengaluru, India",https://stackoverflow.com/jobs/job_id
Pythonエンジニア / Webマーケティング・ネット広告,株式会社 クレスティア,"Shibuya City, Japan",https://stackoverflow.com/jobs/job_id
Site Reliability Engineer Who is Good at Python,Conducto,No office location,https://stackoverflow.com/jobs/job_id
Python Developer - Full Stack,Targetorate,"Hyderabad, India",https://stackoverflow.com/jobs/job_id
Sr Python/Django Developer,Vedya Info Solutions,"Bengaluru, India",https://stackoverflow.com/jobs/job_id
Python Django Developer,XL Dynamics,"Navi Mumbai, India",https://stackoverflow.com/jobs/job_id
Backend Software Engineer (Python/Django) at Games Studio,Brightlobe,"London, UK",https://stackoverflow.com/jobs/job_id
"Software Engineer Python, Machine Learning/AI",Truedge Software Solutions,"Hyderabad, India",https://stackoverflow.com/jobs/job_id
Python / Django Developer (m/f/d),Gotthardt Healthgroup AG,"Heidelberg, Deutschland",https://stackoverflow.com/jobs/job_id
"Product focused Senior Developer, Python/TypeScript/AWS, London, £70-85,000",Housekeep - 6th Fastest Growing Tech Company in Europe 2019viaConfido Talent,"London, UK",https://stackoverflow.com/jobs/job_id
Python Solution Architect,FullStackTechies,"Bengaluru, India",https://stackoverflow.com/jobs/job_id
